{
	"2019":[
		6.8486148,
		6.3472572,
		6.4985976,
		6.9948684,
		7.5010536,
		7.8447852,
		8.0592084,
		8.7696108,
		8.8540452,
		9.85446,
		11.078694,
		11.9472732,
		13.4514432,
		15.17373,
		17.7173892,
		19.5897528,
		20.195244,
		19.2789396,
		19.522458,
		17.9430228,
		20.1256488,
		18.9046872,
		14.7022128,
		12.057498,
		7.8460164,
		9.1111392,
		9.616482,
		9.283086,
		9.6730848,
		9.689868,
		9.8806068,
		8.2863,
		8.2749276,
		6.6043512,
		6.6027312,
		7.4925648,
		7.202682,
		6.8053608,
		6.0217668,
		6.1949448,
		7.4368044,
		6.7860504,
		7.19766,
		7.9368984,
		5.8092552,
		5.5485,
		6.5031336,
		7.3209744,
		6.0079968,
		6.338898,
		5.7646728,
		5.9810076,
		5.7753648,
		5.6857788,
		5.6509164,
		6.2605548,
		6.7969044,
		6.0067332,
		6.1883028,
		5.84,
		5.68,
		6.02,
		6.82,
		6.21,
		6.37,
		6.00,
		6.07
		
		
	],
	"2019年数据从1月12日开始到3月13日,从腊月初七到二月初七":[],
	"2020":[
		5.8053996,
		7.3932588,
		9.8134416,
		11.0449332,
		9.6433416,
		10.239858,
		10.8583416,
		12.6957456,
		15.7450392,
		12.0763548,
		13.049586,
		12.8009808,
		13.7019276,
		15.2765676,
		17.4832668,
		18.3468888,
		20.3052744,
		20.479068,
		21.6164052,
		23.2148916,
		26.102736,
		20.7484092,
		17.8848972,
		14.4606384,
		7.0766784,
		4.9392504,
		3.7753776,
		2.9090988,
		2.32632,
		2.1089808,
		1.8518544,
		1.4735196,
		1.6780608,
		1.3002444,
		1.0557864,
		0.9946152,
		0.9580032,
		0.970866,
		0.9758556,
		0.9991512,
		1.0624284,
		1.0328472,
		1.0471356,
		1.0428264,
		1.0337544,
		0.9964296,
		1.0486584,
		1.1439792,
		1.2836556,
		1.3944636,
		1.4266368,
		1.5253272,
		1.94,
		2.03,
		2.12,
		2.28,
		2.39,
		2.32,
		2.19
	],
	"2020年从1月1日到2月21日":[]
}

